{"cameraMode":{"drawMode":0,"name":"Shaded","section":"Shading Mode"},"sceneLighting":true,"audioPlay":false,"sceneViewState":{"showFog":true,"showMaterialUpdate":false,"showSkybox":true,"showFlares":true,"showImageEffects":true,"showParticleSystems":true},"in2DMode":false,"pivot":{"x":-7.298606872558594,"y":3.1953985691070558,"z":-1.233381748199463},"rotation":{"x":0.10903991013765335,"y":-0.6877152919769287,"z":0.10562445223331452,"w":0.7099376320838928},"size":4.357883930206299,"orthographic":false}